Last_Update,Country_Region,Confirmed,New_Cases
2020-03-22,Russia,367.0,
2020-03-23,Russia,438.0,71.0
2020-03-24,Russia,495.0,57.0
2020-03-25,Russia,658.0,163.0
2020-03-26,Russia,840.0,182.0
2020-03-27,Russia,1036.0,196.0
2020-03-28,Russia,1264.0,228.0
2020-03-29,Russia,1534.0,270.0
2020-03-30,Russia,1836.0,302.0
2020-03-31,Russia,2337.0,501.0
2020-04-01,Russia,2777.0,440.0
2020-04-02,Russia,3548.0,771.0
2020-04-03,Russia,4149.0,601.0
2020-04-04,Russia,4731.0,582.0
2020-04-05,Russia,5389.0,658.0
2020-04-06,Russia,6343.0,954.0
2020-04-07,Russia,7497.0,1154.0
2020-04-08,Russia,8672.0,1175.0
2020-04-09,Russia,10131.0,1459.0
2020-04-10,Russia,11917.0,1786.0
2020-04-11,Russia,13584.0,1667.0
2020-04-12,Russia,15770.0,2186.0
2020-04-13,Russia,18328.0,2558.0
2020-04-14,Russia,21102.0,2774.0
2020-04-15,Russia,24490.0,3388.0
2020-04-16,Russia,27938.0,3448.0
2020-04-17,Russia,32008.0,4070.0
2020-04-18,Russia,36793.0,4785.0
2020-04-19,Russia,42853.0,6060.0
2020-04-20,Russia,47121.0,4268.0
2020-04-21,Russia,52763.0,5642.0
2020-04-22,Russia,57999.0,5236.0
2020-04-24,Russia,62773.0,4774.0
2020-04-25,Russia,68622.0,5849.0
2020-04-26,Russia,74588.0,5966.0
2020-04-27,Russia,80949.0,6361.0
2020-04-28,Russia,87147.0,6198.0
2020-04-29,Russia,93558.0,6411.0
2020-04-30,Russia,99399.0,5841.0
2020-05-01,Russia,106498.0,7099.0
2020-05-02,Russia,114431.0,7933.0
2020-05-03,Russia,124054.0,9623.0
2020-05-04,Russia,134687.0,10633.0
2020-05-05,Russia,145268.0,10581.0
2020-05-06,Russia,155370.0,10102.0
2020-05-07,Russia,165929.0,10559.0
2020-05-08,Russia,177160.0,11231.0
2020-05-09,Russia,187859.0,10699.0
2020-05-10,Russia,198676.0,10817.0
2020-05-11,Russia,209688.0,11012.0
2020-05-12,Russia,221344.0,11656.0
2020-05-13,Russia,232243.0,10899.0
2020-05-14,Russia,242271.0,10028.0
2020-05-15,Russia,252245.0,9974.0
2020-05-16,Russia,262843.0,10598.0
2020-05-17,Russia,272043.0,9200.0
2020-05-18,Russia,281752.0,9709.0
2020-05-19,Russia,290678.0,8926.0
2020-05-20,Russia,299941.0,9263.0
2020-05-21,Russia,308705.0,8764.0
2020-05-22,Russia,317554.0,8849.0
2020-05-23,Russia,326448.0,8894.0
2020-05-24,Russia,335882.0,9434.0
2020-05-25,Russia,344481.0,8599.0
2020-05-26,Russia,353427.0,8946.0
2020-05-27,Russia,362342.0,8915.0
2020-05-28,Russia,370680.0,8338.0
2020-05-29,Russia,379051.0,8371.0
2020-05-30,Russia,387623.0,8572.0
2020-05-31,Russia,396575.0,8952.0
2020-06-01,Russia,405843.0,9268.0
2020-06-02,Russia,414328.0,8485.0
2020-06-03,Russia,423186.0,8858.0
2020-06-04,Russia,431715.0,8529.0
2020-06-05,Russia,440538.0,8823.0
2020-06-06,Russia,449256.0,8718.0
2020-06-07,Russia,458102.0,8846.0
2020-06-08,Russia,467073.0,8971.0
2020-06-09,Russia,476043.0,8970.0
2020-06-10,Russia,484630.0,8587.0
2020-06-11,Russia,493023.0,8393.0
2020-06-12,Russia,501800.0,8777.0
2020-06-13,Russia,510761.0,8961.0
2020-06-14,Russia,519458.0,8697.0
2020-06-15,Russia,528267.0,8809.0
2020-06-16,Russia,536484.0,8217.0
2020-06-17,Russia,544725.0,8241.0
2020-06-18,Russia,552549.0,7824.0
2020-06-19,Russia,560321.0,7772.0
2020-06-20,Russia,568292.0,7971.0
2020-06-21,Russia,576162.0,7870.0
2020-06-22,Russia,583879.0,7717.0
2020-06-23,Russia,591465.0,7586.0
2020-06-24,Russia,598878.0,7413.0
2020-06-25,Russia,606043.0,7165.0
2020-06-26,Russia,613148.0,7105.0
2020-06-27,Russia,619936.0,6788.0
2020-06-28,Russia,626779.0,6843.0
2020-06-29,Russia,633563.0,6784.0
2020-06-30,Russia,640246.0,6683.0
2020-07-01,Russia,646929.0,6683.0
2020-07-02,Russia,653479.0,6550.0
2020-07-03,Russia,660231.0,6752.0
2020-07-04,Russia,666941.0,6710.0
2020-07-05,Russia,673564.0,6623.0
2020-07-06,Russia,680283.0,6719.0
2020-07-07,Russia,686852.0,6569.0
2020-07-08,Russia,693215.0,6363.0
2020-07-09,Russia,699749.0,6534.0
2020-07-10,Russia,706240.0,6491.0
2020-07-11,Russia,712863.0,6623.0
2020-07-12,Russia,719449.0,6586.0
2020-07-13,Russia,726036.0,6587.0
2020-07-14,Russia,732547.0,6511.0
2020-07-15,Russia,738787.0,6240.0
2020-07-16,Russia,745197.0,6410.0
2020-07-17,Russia,751612.0,6415.0
2020-07-18,Russia,758001.0,6389.0
2020-07-19,Russia,764215.0,6214.0
2020-07-20,Russia,770311.0,6096.0
2020-07-21,Russia,776212.0,5901.0
2020-07-22,Russia,782040.0,5828.0
2020-07-23,Russia,787890.0,5850.0
2020-07-24,Russia,793720.0,5830.0
2020-07-25,Russia,799499.0,5779.0
2020-07-26,Russia,805332.0,5833.0
2020-07-27,Russia,811073.0,5741.0
2020-07-28,Russia,816680.0,5607.0
2020-07-29,Russia,822060.0,5380.0
2020-07-30,Russia,827509.0,5449.0
2020-07-31,Russia,832993.0,5484.0
2020-08-01,Russia,838461.0,5468.0
2020-08-02,Russia,843890.0,5429.0
2020-08-03,Russia,849277.0,5387.0
2020-08-04,Russia,854641.0,5364.0
2020-08-05,Russia,859762.0,5121.0
2020-08-06,Russia,864948.0,5186.0
2020-08-07,Russia,870187.0,5239.0
2020-08-08,Russia,875378.0,5191.0
2020-08-09,Russia,880563.0,5185.0
2020-08-10,Russia,885718.0,5155.0
2020-08-11,Russia,890799.0,5081.0
2020-08-12,Russia,895691.0,4892.0
2020-08-13,Russia,900745.0,5054.0
2020-08-14,Russia,905762.0,5017.0
2020-08-15,Russia,910778.0,5016.0
2020-08-16,Russia,915808.0,5030.0
2020-08-17,Russia,920719.0,4911.0
2020-08-18,Russia,925558.0,4839.0
2020-08-19,Russia,930276.0,4718.0
2020-08-20,Russia,935066.0,4790.0
2020-08-21,Russia,939833.0,4767.0
2020-08-22,Russia,944671.0,4838.0
2020-08-23,Russia,949531.0,4860.0
2020-08-24,Russia,954328.0,4797.0
2020-08-25,Russia,959016.0,4688.0
2020-08-26,Russia,963655.0,4639.0
2020-08-27,Russia,968297.0,4642.0
2020-08-28,Russia,972972.0,4675.0
2020-08-29,Russia,977730.0,4758.0
2020-08-30,Russia,982573.0,4843.0
2020-08-31,Russia,987470.0,4897.0
2020-09-01,Russia,992402.0,4932.0
2020-09-02,Russia,997072.0,4670.0
2020-09-03,Russia,1001965.0,4893.0
2020-09-04,Russia,1006923.0,4958.0
2020-09-05,Russia,1011987.0,5064.0
2020-09-06,Russia,1017131.0,5144.0
2020-09-07,Russia,1022228.0,5097.0
2020-09-08,Russia,1027334.0,5106.0
2020-09-09,Russia,1032354.0,5020.0
2020-09-10,Russia,1037526.0,5172.0
2020-09-11,Russia,1042836.0,5310.0
2020-09-12,Russia,1048257.0,5421.0
2020-09-13,Russia,1053663.0,5406.0
2020-09-14,Russia,1059024.0,5361.0
2020-09-15,Russia,1064438.0,5414.0
2020-09-16,Russia,1069873.0,5435.0
2020-09-17,Russia,1075485.0,5612.0
2020-09-18,Russia,1081152.0,5667.0
2020-09-19,Russia,1086955.0,5803.0
2020-09-20,Russia,1092915.0,5960.0
2020-09-21,Russia,1098958.0,6043.0
2020-09-22,Russia,1105048.0,6090.0
2020-09-23,Russia,1111157.0,6109.0
2020-09-24,Russia,1117487.0,6330.0
2020-09-25,Russia,1123976.0,6489.0
2020-09-26,Russia,1131088.0,7112.0
2020-09-27,Russia,1138509.0,7421.0
2020-09-28,Russia,1146273.0,7764.0
2020-09-29,Russia,1154299.0,8026.0
2020-09-30,Russia,1162428.0,8129.0
2020-10-01,Russia,1170799.0,8371.0
2020-10-02,Russia,1179634.0,8835.0
2020-10-03,Russia,1188928.0,9294.0
2020-10-04,Russia,1198663.0,9735.0
2020-10-05,Russia,1209039.0,10376.0
2020-10-06,Russia,1219796.0,10757.0
2020-10-07,Russia,1231277.0,11481.0
2020-10-08,Russia,1242258.0,10981.0
2020-10-09,Russia,1253603.0,11345.0
2020-10-10,Russia,1265572.0,11969.0
2020-10-11,Russia,1278245.0,12673.0
2020-10-12,Russia,1291687.0,13442.0
2020-10-13,Russia,1305093.0,13406.0
2020-10-14,Russia,1318783.0,13690.0
2020-10-15,Russia,1332824.0,14041.0
2020-10-16,Russia,1346380.0,13556.0
2020-10-17,Russia,1361317.0,14937.0
2020-10-18,Russia,1376020.0,14703.0
2020-10-19,Russia,1390824.0,14804.0
2020-10-20,Russia,1406667.0,15843.0
2020-10-21,Russia,1422775.0,16108.0
2020-10-22,Russia,1438219.0,15444.0
2020-10-23,Russia,1453923.0,15704.0
2020-10-24,Russia,1471000.0,17077.0
2020-10-25,Russia,1487260.0,16260.0
2020-10-26,Russia,1503652.0,16392.0
2020-10-27,Russia,1520800.0,17148.0
2020-10-28,Russia,1537142.0,16342.0
2020-10-29,Russia,1553028.0,15886.0
2020-10-30,Russia,1570446.0,17418.0
2020-10-31,Russia,1588433.0,17987.0
2020-11-01,Russia,1606267.0,17834.0
2020-11-02,Russia,1624648.0,18381.0
2020-11-03,Russia,1642665.0,18017.0
2020-11-04,Russia,1661096.0,18431.0
2020-11-05,Russia,1680579.0,19483.0
2020-11-06,Russia,1699695.0,19116.0
2020-11-07,Russia,1720063.0,20368.0
2020-11-08,Russia,1740172.0,20109.0
2020-11-09,Russia,1760420.0,20248.0
2020-11-10,Russia,1781997.0,21577.0
2020-11-11,Russia,1802762.0,20765.0
2020-11-12,Russia,1822345.0,19583.0
2020-11-13,Russia,1843678.0,21333.0
2020-11-14,Russia,1865395.0,21717.0
2020-11-15,Russia,1887836.0,22441.0
2020-11-16,Russia,1910149.0,22313.0
2020-11-17,Russia,1932711.0,22562.0
2020-11-18,Russia,1954912.0,22201.0
2020-11-19,Russia,1975629.0,20717.0
2020-11-20,Russia,1998966.0,23337.0
2020-11-21,Russia,2023025.0,24059.0
2020-11-22,Russia,2047563.0,24538.0
2020-11-23,Russia,2071858.0,24295.0
2020-11-24,Russia,2096749.0,24891.0
2020-11-25,Russia,2120836.0,24087.0
2020-11-26,Russia,2144229.0,23393.0
2020-11-27,Russia,2169424.0,25195.0
2020-11-28,Russia,2196691.0,27267.0
2020-11-29,Russia,2223500.0,26809.0
2020-11-30,Russia,2249890.0,26390.0
2020-12-01,Russia,2275936.0,26046.0
2020-12-02,Russia,2302062.0,26126.0
2020-12-03,Russia,2327105.0,25043.0
2020-12-04,Russia,2354934.0,27829.0
2020-12-05,Russia,2382012.0,27078.0
2020-12-06,Russia,2410462.0,28450.0
2020-12-07,Russia,2439163.0,28701.0
2020-12-08,Russia,2466961.0,27798.0
2020-12-09,Russia,2492713.0,25752.0
2020-12-10,Russia,2518551.0,25838.0
2020-12-11,Russia,2546113.0,27562.0
2020-12-12,Russia,2574319.0,28206.0
2020-12-13,Russia,2602048.0,27729.0
2020-12-14,Russia,2629699.0,27651.0
2020-12-15,Russia,2656601.0,26902.0
2020-12-16,Russia,2682866.0,26265.0
2020-12-17,Russia,2708940.0,26074.0
2020-12-18,Russia,2736727.0,27787.0
2020-12-19,Russia,2764843.0,28116.0
2020-12-20,Russia,2792615.0,27772.0
2020-12-21,Russia,2821125.0,28510.0
2020-12-22,Russia,2850042.0,28917.0
2020-12-23,Russia,2878382.0,28340.0
2020-12-24,Russia,2905196.0,26814.0
2020-12-25,Russia,2934695.0,29499.0
2020-12-26,Russia,2963290.0,28595.0
2020-12-27,Russia,2992123.0,28833.0
2020-12-28,Russia,3019972.0,27849.0
2020-12-29,Russia,3047335.0,27363.0
2020-12-30,Russia,3073923.0,26588.0
2020-12-31,Russia,3100018.0,26095.0
2021-01-01,Russia,3127347.0,27329.0
2021-01-02,Russia,3153960.0,26613.0
2021-01-03,Russia,3179898.0,25938.0
2021-01-04,Russia,3203743.0,23845.0
2021-01-05,Russia,3226758.0,23015.0
2021-01-06,Russia,3250713.0,23955.0
2021-01-07,Russia,3274615.0,23902.0
2021-01-08,Russia,3297833.0,23218.0
2021-01-09,Russia,3321163.0,23330.0
2021-01-10,Russia,3344175.0,23012.0
2021-01-11,Russia,3366715.0,22540.0
2021-01-12,Russia,3389733.0,23018.0
2021-01-13,Russia,3412390.0,22657.0
2021-01-14,Russia,3434934.0,22544.0
2021-01-15,Russia,3459237.0,24303.0
2021-01-16,Russia,3483531.0,24294.0
2021-01-17,Russia,3507201.0,23670.0
2021-01-18,Russia,3530379.0,23178.0
2021-01-19,Russia,3552888.0,22509.0
2021-01-20,Russia,3574330.0,21442.0
2021-01-21,Russia,3595136.0,20806.0
2021-01-22,Russia,3616680.0,21544.0
2021-01-23,Russia,3637862.0,21182.0
2021-01-24,Russia,3658447.0,20585.0
2021-01-25,Russia,3679247.0,20800.0
2021-01-26,Russia,3698246.0,18999.0
2021-01-27,Russia,3716228.0,17982.0
2021-01-28,Russia,3733692.0,17464.0
2021-01-29,Russia,3752548.0,18856.0
2021-01-30,Russia,3771514.0,18966.0
2021-01-31,Russia,3790265.0,18751.0
2021-02-01,Russia,3808348.0,18083.0
2021-02-02,Russia,3825739.0,17391.0
2021-02-03,Russia,3842145.0,16406.0
2021-02-04,Russia,3858367.0,16222.0
2021-02-05,Russia,3874830.0,16463.0
2021-02-06,Russia,3891274.0,16444.0
2021-02-07,Russia,3907653.0,16379.0
2021-02-08,Russia,3923461.0,15808.0
2021-02-09,Russia,3939162.0,15701.0
2021-02-10,Russia,3953970.0,14808.0
2021-02-11,Russia,3968228.0,14258.0
2021-02-12,Russia,3983031.0,14803.0
2021-02-13,Russia,3997898.0,14867.0
2021-02-14,Russia,4012538.0,14640.0
2021-02-15,Russia,4026506.0,13968.0
2021-02-16,Russia,4040505.0,13999.0
2021-02-17,Russia,4053535.0,13030.0
2021-02-18,Russia,4066164.0,12629.0
2021-02-19,Russia,4079407.0,13243.0
2021-02-20,Russia,4092649.0,13242.0
2021-02-21,Russia,4105424.0,12775.0
2021-02-22,Russia,4117992.0,12568.0
2021-02-23,Russia,4130447.0,12455.0
2021-02-24,Russia,4142126.0,11679.0
2021-02-25,Russia,4153735.0,11609.0
2021-02-26,Russia,4164802.0,11067.0
2021-02-27,Russia,4175757.0,10955.0
2021-02-28,Russia,4187166.0,11409.0
2021-03-01,Russia,4198400.0,11234.0
2021-03-02,Russia,4209850.0,11450.0
2021-03-03,Russia,4220291.0,10441.0
2021-03-04,Russia,4230707.0,10416.0
2021-03-05,Russia,4241970.0,11263.0
2021-03-06,Russia,4252876.0,10906.0
2021-03-07,Russia,4263785.0,10909.0
2021-03-08,Russia,4274263.0,10478.0
2021-03-09,Russia,4284408.0,10145.0
2021-03-10,Russia,4293750.0,9342.0
2021-03-11,Russia,4302726.0,8976.0
2021-03-12,Russia,4311893.0,9167.0
2021-03-13,Russia,4321588.0,9695.0
2021-03-14,Russia,4331396.0,9808.0
2021-03-15,Russia,4341381.0,9985.0
2021-03-16,Russia,4350728.0,9347.0
2021-03-17,Russia,4360033.0,9305.0
2021-03-18,Russia,4368943.0,8910.0
2021-03-19,Russia,4378656.0,9713.0
2021-03-20,Russia,4388268.0,9612.0
2021-03-21,Russia,4397816.0,9548.0
2021-03-22,Russia,4407031.0,9215.0
2021-03-23,Russia,4416226.0,9195.0
2021-03-24,Russia,4424595.0,8369.0
2021-03-25,Russia,4433364.0,8769.0
2021-03-26,Russia,4442492.0,9128.0
2021-03-27,Russia,4451565.0,9073.0
2021-03-28,Russia,4460348.0,8783.0
2021-03-29,Russia,4469327.0,8979.0
2021-03-30,Russia,4477916.0,8589.0
2021-03-31,Russia,4486078.0,8162.0
2021-04-01,Russia,4494234.0,8156.0
2021-04-02,Russia,4503291.0,9057.0
2021-04-03,Russia,4511973.0,8682.0
2021-04-04,Russia,4520879.0,8906.0
2021-04-05,Russia,4529576.0,8697.0
2021-04-06,Russia,4538101.0,8525.0
2021-04-07,Russia,4546307.0,8206.0
2021-04-08,Russia,4554481.0,8174.0
2021-04-09,Russia,4563026.0,8545.0
2021-04-10,Russia,4572053.0,9027.0
2021-04-11,Russia,4580633.0,8580.0
2021-04-12,Russia,4589209.0,8576.0
2021-04-13,Russia,4597400.0,8191.0
2021-04-14,Russia,4605444.0,8044.0
2021-04-15,Russia,4613646.0,8202.0
2021-04-16,Russia,4622464.0,8818.0
2021-04-17,Russia,4631336.0,8872.0
2021-04-18,Russia,4640537.0,9201.0
2021-04-19,Russia,4649044.0,8507.0
2021-04-20,Russia,4657509.0,8465.0
2021-04-21,Russia,4665553.0,8044.0
2021-04-22,Russia,4673699.0,8146.0
2021-04-23,Russia,4682573.0,8874.0
2021-04-24,Russia,4691290.0,8717.0
2021-04-25,Russia,4699988.0,8698.0
2021-04-26,Russia,4708640.0,8652.0
2021-04-27,Russia,4717321.0,8681.0
2021-04-28,Russia,4725252.0,7931.0
2021-04-29,Russia,4732981.0,7729.0
2021-04-30,Russia,4742142.0,9161.0
2021-05-01,Russia,4750755.0,8613.0
2021-05-02,Russia,4759902.0,9147.0
2021-05-03,Russia,4768476.0,8574.0
2021-05-04,Russia,4776844.0,8368.0
2021-05-05,Russia,4784497.0,7653.0
2021-05-06,Russia,4792354.0,7857.0
2021-05-07,Russia,4799872.0,7518.0
2021-05-08,Russia,4808133.0,8261.0
2021-05-09,Russia,4816331.0,8198.0
2021-05-10,Russia,4824621.0,8290.0
2021-05-11,Russia,4832959.0,8338.0
2021-05-12,Russia,4840948.0,7989.0
2021-05-13,Russia,4849044.0,8096.0
2021-05-14,Russia,4857303.0,8259.0
2021-05-15,Russia,4866641.0,9338.0
2021-05-16,Russia,4875308.0,8667.0
2021-05-17,Russia,4883734.0,8426.0
2021-05-18,Russia,4892938.0,9204.0
2021-05-19,Russia,4900995.0,8057.0
2021-05-20,Russia,4908794.0,7799.0
2021-05-21,Russia,4917906.0,9112.0
2021-05-22,Russia,4926717.0,8811.0
2021-05-23,Russia,4935302.0,8585.0
2021-05-24,Russia,4944129.0,8827.0
2021-05-25,Russia,4952412.0,8283.0
2021-05-26,Russia,4960174.0,7762.0
2021-05-27,Russia,4968421.0,8247.0
2021-05-28,Russia,4977332.0,8911.0
2021-05-29,Russia,4986458.0,9126.0
2021-05-30,Russia,4995613.0,9155.0
2021-05-31,Russia,5005171.0,9558.0
2021-06-01,Russia,5013512.0,8341.0
2021-06-02,Russia,5022881.0,9369.0
2021-06-03,Russia,5031583.0,8702.0
2021-06-04,Russia,5040390.0,8807.0
2021-06-05,Russia,5049210.0,8820.0
2021-06-06,Russia,5058221.0,9011.0
2021-06-07,Russia,5067246.0,9025.0
2021-06-08,Russia,5076543.0,9297.0
2021-06-09,Russia,5086386.0,9843.0
2021-06-10,Russia,5096657.0,10271.0
2021-06-11,Russia,5108217.0,11560.0
2021-06-12,Russia,5120578.0,12361.0
2021-06-13,Russia,5133938.0,13360.0
2021-06-14,Russia,5148499.0,14561.0
2021-06-15,Russia,5162049.0,13550.0
2021-06-16,Russia,5176051.0,14002.0
2021-06-17,Russia,5189260.0,13209.0
2021-06-18,Russia,5203117.0,13857.0
2021-06-19,Russia,5220168.0,17051.0
2021-06-20,Russia,5237847.0,17679.0
2021-06-21,Russia,5255214.0,17367.0
2021-06-22,Russia,5272328.0,17114.0
2021-06-23,Russia,5288766.0,16438.0
2021-06-24,Russia,5306069.0,17303.0
2021-06-25,Russia,5325940.0,19871.0
2021-06-26,Russia,5346005.0,20065.0
2021-06-27,Russia,5367317.0,21312.0
2021-06-28,Russia,5387486.0,20169.0
2021-06-29,Russia,5408744.0,21258.0
2021-06-30,Russia,5428961.0,20217.0
2021-07-01,Russia,5449594.0,20633.0
2021-07-02,Russia,5472722.0,23128.0
2021-07-03,Russia,5495513.0,22791.0
2021-07-04,Russia,5519516.0,24003.0
2021-07-05,Russia,5544209.0,24693.0
2021-07-06,Russia,5568104.0,23895.0
2021-07-07,Russia,5591030.0,22926.0
2021-07-08,Russia,5614540.0,23510.0
2021-07-09,Russia,5638901.0,24361.0
2021-07-10,Russia,5664200.0,25299.0
2021-07-11,Russia,5688807.0,24607.0
2021-07-12,Russia,5713351.0,24544.0
2021-07-13,Russia,5738000.0,24649.0
2021-07-14,Russia,5762211.0,24211.0
2021-07-15,Russia,5785542.0,23331.0
2021-07-16,Russia,5810335.0,24793.0
2021-07-17,Russia,5835523.0,25188.0
2021-07-18,Russia,5860113.0,24590.0
2021-07-19,Russia,5884593.0,24480.0
2021-07-20,Russia,5908691.0,24098.0
2021-07-21,Russia,5931925.0,23234.0
2021-07-22,Russia,5955089.0,23164.0
2021-07-23,Russia,5979027.0,23938.0
2021-07-24,Russia,6002303.0,23276.0
2021-07-25,Russia,6025698.0,23395.0
2021-07-26,Russia,6049215.0,23517.0
2021-07-27,Russia,6071893.0,22678.0
2021-07-28,Russia,6094379.0,22486.0
2021-07-29,Russia,6116249.0,21870.0
2021-07-30,Russia,6138969.0,22720.0
2021-07-31,Russia,6161985.0,23016.0
2021-08-01,Russia,6185249.0,23264.0
2021-08-02,Russia,6207513.0,22264.0
2021-08-03,Russia,6230482.0,22969.0
2021-08-04,Russia,6251953.0,21471.0
2021-08-05,Russia,6274006.0,22053.0
2021-08-06,Russia,6296570.0,22564.0
2021-08-07,Russia,6318643.0,22073.0
2021-08-08,Russia,6340370.0,21727.0
2021-08-09,Russia,6362641.0,22271.0
2021-08-10,Russia,6384195.0,21554.0
2021-08-11,Russia,6404960.0,20765.0
2021-08-12,Russia,6425918.0,20958.0
2021-08-13,Russia,6447229.0,21311.0
2021-08-14,Russia,6468890.0,21661.0
2021-08-15,Russia,6490421.0,21531.0
2021-08-16,Russia,6511431.0,21010.0
2021-08-17,Russia,6531585.0,20154.0
2021-08-18,Russia,6551934.0,20349.0
2021-08-19,Russia,6572246.0,20312.0
2021-08-20,Russia,6592705.0,20459.0
2021-08-21,Russia,6613107.0,20402.0
2021-08-22,Russia,6633521.0,20414.0
2021-08-23,Russia,6653498.0,19977.0
2021-08-24,Russia,6672373.0,18875.0
2021-08-25,Russia,6690633.0,18260.0
2021-08-26,Russia,6709605.0,18972.0
2021-08-27,Russia,6728699.0,19094.0
2021-08-28,Russia,6747681.0,18982.0
2021-08-29,Russia,6766667.0,18986.0
2021-08-30,Russia,6785465.0,18798.0
2021-08-31,Russia,6803323.0,17858.0
2021-09-01,Russia,6820697.0,17374.0
2021-09-02,Russia,6838652.0,17955.0
2021-09-03,Russia,6857243.0,18591.0
2021-09-04,Russia,6875713.0,18470.0
2021-09-05,Russia,6894113.0,18400.0
2021-09-06,Russia,6912375.0,18262.0
2021-09-07,Russia,6929862.0,17487.0
2021-09-08,Russia,6946922.0,17060.0
2021-09-09,Russia,6964595.0,17673.0
2021-09-10,Russia,6982628.0,18033.0
2021-09-11,Russia,7000636.0,18008.0
2021-09-12,Russia,7019200.0,18564.0
2021-09-13,Russia,7037435.0,18235.0
2021-09-14,Russia,7055296.0,17861.0
2021-09-15,Russia,7072825.0,17529.0
2021-09-16,Russia,7091368.0,18543.0
2021-09-17,Russia,7110656.0,19288.0
2021-09-18,Russia,7130245.0,19589.0
2021-09-19,Russia,7150244.0,19999.0
2021-09-20,Russia,7170069.0,19825.0
2021-09-21,Russia,7189445.0,19376.0
2021-09-22,Russia,7208241.0,18796.0
2021-09-23,Russia,7227549.0,19308.0
2021-09-24,Russia,7248572.0,21023.0
2021-09-25,Russia,7269514.0,20942.0
2021-09-26,Russia,7291097.0,21583.0
2021-09-27,Russia,7313112.0,22015.0
2021-09-28,Russia,7334843.0,21731.0
2021-09-29,Russia,7355883.0,21040.0
2021-09-30,Russia,7377774.0,21891.0
2021-10-01,Russia,7401104.0,23330.0
2021-10-02,Russia,7425057.0,23953.0
2021-10-03,Russia,7449689.0,24632.0
2021-10-04,Russia,7474850.0,25161.0
2021-10-05,Russia,7500000.0,25150.0
2021-10-06,Russia,7524465.0,24465.0
2021-10-07,Russia,7548944.0,24479.0
2021-10-08,Russia,7575825.0,26881.0
2021-10-09,Russia,7602386.0,26561.0
2021-10-10,Russia,7631034.0,28648.0
2021-10-11,Russia,7658923.0,27889.0
2021-10-12,Russia,7687559.0,28636.0
2021-10-13,Russia,7714973.0,27414.0
2021-10-14,Russia,7742899.0,27926.0
2021-10-15,Russia,7773388.0,30489.0
2021-10-16,Russia,7804750.0,31362.0
2021-10-17,Russia,7837101.0,32351.0
2021-10-18,Russia,7870529.0,33428.0
2021-10-19,Russia,7903963.0,33434.0
2021-10-20,Russia,7936798.0,32835.0
2021-10-21,Russia,7969960.0,33162.0
2021-10-22,Russia,8005376.0,35416.0
2021-10-23,Russia,8041581.0,36205.0
2021-10-24,Russia,8078309.0,36728.0
2021-10-25,Russia,8112999.0,34690.0
2021-10-26,Russia,8149946.0,36947.0
2021-10-27,Russia,8185400.0,35454.0
2021-10-28,Russia,8220975.0,35575.0
2021-10-29,Russia,8260045.0,39070.0
2021-10-30,Russia,8298850.0,38805.0
2021-10-31,Russia,8338053.0,39203.0
2021-11-01,Russia,8377984.0,39931.0
2021-11-02,Russia,8417305.0,39321.0
2021-11-03,Russia,8455232.0,37927.0
2021-11-04,Russia,8494589.0,39357.0
2021-11-05,Russia,8533706.0,39117.0
2021-11-06,Russia,8573323.0,39617.0
2021-11-07,Russia,8613533.0,40210.0
2021-11-08,Russia,8651561.0,38028.0
2021-11-09,Russia,8689818.0,38257.0
2021-11-10,Russia,8727817.0,37999.0
2021-11-11,Russia,8764713.0,36896.0
2021-11-12,Russia,8804297.0,39584.0
2021-11-13,Russia,8843238.0,38941.0
2021-11-14,Russia,8881306.0,38068.0
2021-11-15,Russia,8918926.0,37620.0
2021-11-16,Russia,8956136.0,37210.0
2021-11-17,Russia,8991748.0,35612.0
2021-11-18,Russia,9027163.0,35415.0
2021-11-19,Russia,9063318.0,36155.0
2021-11-20,Russia,9099253.0,35935.0
2021-11-21,Russia,9135149.0,35896.0
2021-11-22,Russia,9170898.0,35749.0
2021-11-23,Russia,9205431.0,34533.0
2021-11-24,Russia,9238330.0,32899.0
2021-11-25,Russia,9270885.0,32555.0
2021-11-26,Russia,9303751.0,32866.0
2021-11-27,Russia,9337575.0,33824.0
2021-11-28,Russia,9370694.0,33119.0
2021-11-29,Russia,9403480.0,32786.0
2021-11-30,Russia,9436650.0,33170.0
2021-12-01,Russia,9468640.0,31990.0
2021-12-02,Russia,9500836.0,32196.0
2021-12-03,Russia,9533593.0,32757.0
2021-12-04,Russia,9565909.0,32316.0
2021-12-05,Russia,9598283.0,32374.0
2021-12-06,Russia,9630296.0,32013.0
2021-12-07,Russia,9661865.0,31569.0
2021-12-08,Russia,9692411.0,30546.0
2021-12-09,Russia,9722639.0,30228.0
2021-12-10,Russia,9752340.0,29701.0
2021-12-11,Russia,9782723.0,30383.0
2021-12-12,Russia,9812538.0,29815.0
2021-12-13,Russia,9842021.0,29483.0
2021-12-14,Russia,9871229.0,29208.0
2021-12-15,Russia,9899139.0,27910.0
2021-12-16,Russia,9927150.0,28011.0
2021-12-17,Russia,9955308.0,28158.0
2021-12-18,Russia,9982735.0,27427.0
2021-12-19,Russia,10009866.0,27131.0
2021-12-20,Russia,10037546.0,27680.0
2021-12-21,Russia,10064290.0,26744.0
2021-12-22,Russia,10089945.0,25655.0
2021-12-23,Russia,10114983.0,25038.0
2021-12-24,Russia,10140429.0,25446.0
2021-12-25,Russia,10164951.0,24522.0
2021-12-26,Russia,10189722.0,24771.0
2021-12-27,Russia,10213265.0,23543.0
2021-12-28,Russia,10236301.0,23036.0
2021-12-29,Russia,10258052.0,21751.0
2021-12-30,Russia,10279009.0,20957.0
2021-12-31,Russia,10299923.0,20914.0
2022-01-01,Russia,10320405.0,20482.0
2022-01-02,Russia,10340011.0,19606.0
2022-01-03,Russia,10358099.0,18088.0
2022-01-04,Russia,10374292.0,16193.0
2022-01-05,Russia,10390052.0,15760.0
2022-01-06,Russia,10405684.0,15632.0
2022-01-07,Russia,10420863.0,15179.0
2022-01-08,Russia,10437471.0,16608.0
2022-01-09,Russia,10453895.0,16424.0
2022-01-10,Russia,10470006.0,16111.0
2022-01-11,Russia,10485705.0,15699.0
2022-01-12,Russia,10503101.0,17396.0
2022-01-13,Russia,10520898.0,17797.0
2022-01-14,Russia,10541870.0,20972.0
2022-01-15,Russia,10565484.0,23614.0
2022-01-16,Russia,10592433.0,26949.0
2022-01-17,Russia,10621410.0,28977.0
2022-01-18,Russia,10651867.0,30457.0
2022-01-19,Russia,10682826.0,30959.0
2022-01-20,Russia,10716397.0,33571.0
2022-01-21,Russia,10754905.0,38508.0
2022-01-22,Russia,10804032.0,49127.0
2022-01-23,Russia,10860799.0,56767.0
2022-01-24,Russia,10923494.0,62695.0
2022-01-25,Russia,10988027.0,64533.0
